{"mae":0.1732921288,"mape":35493553873993.0546875,"nrmse":0.1573960973,"nmax":0.4070231286,"mase":1.5118802028}